Model,Accuracy,Precision,Recall,F1 Score,MCC Score,AUC Score
Logistic Regression,0.9969230769230769,1.0,0.9936143039591315,0.9967969250480462,0.9938555288371761,0.9968071519795658
Decision Tree,1.0,1.0,1.0,1.0,1.0,1.0
KNN,1.0,1.0,1.0,1.0,1.0,1.0
Naive Bayes,0.9618461538461538,0.9286563614744352,0.9974457215836526,0.9618226600985221,0.926146076747352,0.9630934071101162
Random Forest,1.0,1.0,1.0,1.0,1.0,1.0
XGBoost,1.0,1.0,1.0,1.0,1.0,1.0
